{
  "Author": "veyn",
  "Name": "vfallguy 改",
  "InternalName": "vfallguy",
  "AssemblyVersion": "0.0.0.0",
  "Description": "自动排本/退本以刷单人或挂机刷币，第三关AOE范围与时间提示，推荐路线；支持QQ机器人通知与进度查询。",
  "ApplicableVersion": "any",
  "DalamudApiLevel": 13,
  "LoadRequiredState": 0,
  "LoadSync": false,
  "CanUnloadAsync": false,
  "LoadPriority": 0,
  "IconUrl": "https://raw.githubusercontent.com/awgil/ffxiv_vfallguy/3af43e6f7b7e63c6527ffa4ecc54190034bd60c4/icon2.png",
  "Punchline": "自动排退、AOE提示与QQ通知",
  "AcceptsFeedback": true
}